id;pin;heslo;Povodny riadok
nova.jana;787446;gshP5lvSFEs4;Jana Nova
hrasko.martin;501891;DpDf&QVIR6z$;Martin Jozef Hrasko
kral.eva;525917;W7T&#as1$8ZL;Eva Kral
jancik.marek;325290;Tn7BP$bOH2Ys;Marek Jancik
pavlik.ing.;789128;vC9SSPLBLlNk;Ing. Tomas Pavlik
nova.anna;720421;ndG#zDaeSTj8;Anna Maria Nova
kratky.peter;740369;xPc#NO2fpYB&;Peter Kratky
kratky.peter2;167425;N7CTINAXvbF5;Peter Kratky
hrabova.zuzana;709224;P5NgzXIUi2Dr;Zuzana Hrabova
szabo.miriam;924226;zigzJqC+qqR0;Miriam Szabo
toth.juraj;596892;meCNrg1pY%q1;Juraj Toth
kovacova.katarina;574156;0#Tl7p7Sw5PV;Katarina Kovacova
belak.adrian;269929;7QwopyJ9r+vF;Adrian Belak
kollar.rastislav;003948;Qow#BMo22VVZ;Rastislav Kollar
vargova.barbora;002297;v+wR8BTF03cC;Barbora Vargova
benko.filip;210473;98M3Od0wFJBW;Filip Benko
hlinka.simon;253963;jgDrguQ%r2v%;Simon Hlinka
polakova.nina;838139;+saPqe%Bn%mB;Nina Polakova
novak.jan;482062;$ZWznnToq7gS;Jan Novak
novak.jan2;775014;&4RsBNQ4&FjZ;Jan Novak
kucera.michal;453225;UlN9shWJ$N6z;Michal Kucera
skokanova.denisa;879316;VHIz&2ktkiXj;Denisa Skokanova
dvorska.tatiana;663238;jkuQ$Rcyaks5;Tatiana Dvorska
sabo.robert;452869;QvIp86J%WTp3;Robert Sabo
urbanova.veronika;319162;gW6cn4&WIdK5;Veronika Urbanova
bielik.samuel;073201;9hgJ5RHga75Z;Samuel Bielik
farkasova.alena;383223;%A0&jC3Pjw1N;Alena Farkasova
ondrus.matej;179233;cJQKYLEHCj#4;Matej Ondrus
blahova.martina;749455;TDga$Bu98Hoo;Martina Blahova
hrasko.martin2;248350;jWO++3Ubgwu%;Martin Hrasko
hrasko.martin3;027076;jMNi6LvGLNrA;Martin Hrasko
